5-53-48-9.png,306,284,0
5-53-49-10.png,306,284,0
5-53-49-11.png,306,284,0
5-53-49-12.png,306,284,0
5-53-50-13.png,306,284,0
5-53-50-14.png,306,284,0
5-53-50-15.png,306,284,0
5-53-51-16.png,306,284,0
5-53-51-17.png,306,284,0
5-53-51-18.png,306,284,0
5-53-52-19.png,306,284,0
5-53-52-20.png,306,284,0
5-53-52-21.png,306,284,0
5-53-53-22.png,306,284,0
5-53-53-23.png,306,284,0
5-53-53-24.png,306,284,0
5-53-54-25.png,306,284,0
5-53-54-26.png,306,284,0
5-53-54-27.png,306,278,0
5-53-55-28.png,306,278,0
5-53-55-29.png,306,272,0
5-53-55-30.png,306,272,0
5-53-56-33.png,306,272,0
5-53-57-34.png,306,272,0
5-53-57-35.png,306,272,0
5-53-57-36.png,331,272,0.25
5-53-58-37.png,331,272,0.25
5-53-58-38.png,331,272,0.25
5-53-58-39.png,331,272,0.25
5-53-59-40.png,406,272,1
5-53-59-41.png,406,272,1
5-53-59-42.png,406,272,1
5-54-0-43.png,406,272,1
5-54-0-44.png,406,272,1
5-54-0-45.png,356,272,0.5
5-54-1-46.png,356,272,0.5
5-54-1-47.png,356,272,0.5
5-54-1-48.png,331,272,0.25
5-54-2-49.png,331,272,0.25
5-54-2-50.png,331,272,0.25
5-54-2-51.png,381,272,0.75
5-54-3-52.png,381,272,0.75
5-54-3-53.png,306,272,0
5-54-3-54.png,306,272,0
5-54-4-55.png,306,272,0
5-54-4-56.png,281,272,-0.25
5-54-4-57.png,281,272,-0.25
5-54-5-58.png,381,272,0.75
5-54-5-59.png,381,272,0.75
5-54-5-60.png,356,272,0.5
5-54-6-61.png,356,272,0.5
5-54-6-62.png,356,272,0.5
5-54-6-63.png,381,272,0.75
5-54-7-64.png,381,272,0.75
5-54-7-65.png,406,272,1
5-54-7-66.png,406,272,1
5-54-8-67.png,406,272,1
5-54-8-68.png,406,272,1
5-54-8-69.png,406,272,1
5-54-9-70.png,306,272,0
5-54-9-71.png,306,272,0
5-54-9-72.png,306,272,0
5-54-10-73.png,306,272,0
5-54-10-74.png,306,272,0
5-54-10-75.png,306,272,0
5-54-11-76.png,306,272,0
5-54-11-77.png,381,272,0.75
5-54-11-78.png,381,272,0.75
5-54-12-79.png,381,272,0.75
5-54-12-80.png,381,272,0.75
5-54-12-81.png,381,272,0.75
5-54-13-82.png,356,272,0.5
5-54-13-83.png,356,272,0.5
5-54-13-84.png,381,272,0.75
5-54-14-85.png,381,272,0.75
5-54-14-86.png,306,272,0
5-54-14-87.png,306,272,0
5-54-15-88.png,306,272,0
5-54-15-89.png,306,272,0
5-54-15-90.png,306,272,0
5-54-16-91.png,306,272,0
5-54-16-92.png,306,272,0
5-54-16-93.png,331,272,0.25
5-54-17-94.png,331,272,0.25
5-54-17-95.png,331,272,0.25
5-54-17-96.png,331,272,0.25
5-54-18-97.png,331,272,0.25
5-54-18-98.png,331,272,0.25
5-54-18-99.png,331,272,0.25
5-54-19-100.png,331,272,0.25
5-54-19-0.png,331,272,0.25
5-54-19-1.png,331,272,0.25
5-54-20-2.png,331,272,0.25
5-54-20-3.png,331,272,0.25
5-54-20-4.png,331,272,0.25
5-54-21-5.png,331,272,0.25
5-54-21-6.png,331,272,0.25
5-54-21-7.png,381,272,0.75
5-54-22-8.png,381,272,0.75
5-54-22-9.png,381,272,0.75
5-54-22-10.png,306,272,0
5-54-23-11.png,306,272,0
5-54-23-12.png,306,272,0
5-54-23-13.png,381,272,0.75
5-54-24-14.png,381,272,0.75
5-54-24-15.png,381,272,0.75
5-54-24-16.png,381,272,0.75
5-54-25-17.png,381,272,0.75
5-54-25-18.png,356,272,0.5
5-54-25-19.png,356,272,0.5
5-54-26-20.png,356,272,0.5
5-54-26-21.png,356,272,0.5
5-54-26-22.png,356,272,0.5
5-54-27-23.png,306,272,0
5-54-27-24.png,306,272,0
5-54-27-25.png,281,272,-0.25
5-54-28-26.png,281,272,-0.25
5-54-28-27.png,306,272,0
5-54-28-28.png,306,272,0
5-54-29-29.png,306,272,0
5-54-29-30.png,356,272,0.5
5-54-29-31.png,356,272,0.5
5-54-30-32.png,381,272,0.75
5-54-30-33.png,381,272,0.75
5-54-30-34.png,356,272,0.5
5-54-31-35.png,356,272,0.5
5-54-31-36.png,406,272,1
5-54-31-37.png,406,272,1
5-54-32-38.png,406,272,1
5-54-32-39.png,406,272,1
5-54-32-40.png,406,272,1
5-54-33-41.png,306,272,0
5-54-33-42.png,306,272,0
5-54-33-43.png,306,272,0
5-54-34-44.png,306,272,0
5-54-34-45.png,306,272,0
5-54-34-46.png,306,272,0
5-54-35-47.png,306,272,0
5-54-35-48.png,381,272,0.75
5-54-35-49.png,381,272,0.75
5-54-36-50.png,381,272,0.75
5-54-36-51.png,381,272,0.75
5-54-36-52.png,381,272,0.75
5-54-37-53.png,381,272,0.75
5-54-37-54.png,381,272,0.75
5-54-37-55.png,381,272,0.75
5-54-38-56.png,381,272,0.75
5-54-38-57.png,381,272,0.75
5-54-38-58.png,381,272,0.75
5-54-39-59.png,306,272,0
5-54-39-60.png,306,272,0
5-54-39-61.png,331,272,0.25
5-54-40-62.png,331,272,0.25
5-54-40-63.png,306,272,0
5-54-40-64.png,306,272,0
5-54-41-65.png,281,272,-0.25
5-54-41-66.png,281,272,-0.25
5-54-41-67.png,331,272,0.25
5-54-42-68.png,331,272,0.25
5-54-42-69.png,381,272,0.75
5-54-42-70.png,381,272,0.75
5-54-43-71.png,356,272,0.5
5-54-43-72.png,356,272,0.5
5-54-43-73.png,381,272,0.75
5-54-44-74.png,381,272,0.75
5-54-44-75.png,406,272,1
5-54-44-76.png,406,272,1
5-54-45-77.png,406,272,1
5-54-45-78.png,406,272,1
5-54-45-79.png,406,272,1
5-54-46-80.png,306,272,0
5-54-46-81.png,306,272,0
5-54-46-82.png,306,272,0
5-54-47-83.png,306,272,0
5-54-47-84.png,306,272,0
5-54-47-85.png,306,272,0
5-54-48-86.png,356,272,0.5
5-54-48-87.png,356,272,0.5
5-54-48-88.png,356,272,0.5
5-54-49-89.png,406,272,1
5-54-49-90.png,406,272,1
5-54-49-91.png,406,272,1
5-54-50-92.png,406,272,1
5-54-50-93.png,381,272,0.75
5-54-50-94.png,381,272,0.75
5-54-51-95.png,356,272,0.5
5-54-51-96.png,356,272,0.5
5-54-51-97.png,331,272,0.25
5-54-52-98.png,331,272,0.25
5-54-52-99.png,331,272,0.25
5-54-52-100.png,331,272,0.25
5-54-53-0.png,306,272,0
5-54-53-1.png,306,272,0
5-54-53-2.png,281,272,-0.25
5-54-54-3.png,281,272,-0.25
5-54-54-4.png,281,272,-0.25
5-54-54-5.png,356,272,0.5
5-54-55-6.png,356,272,0.5
5-54-55-7.png,381,272,0.75
5-54-55-8.png,381,272,0.75
5-54-56-9.png,356,272,0.5
5-54-56-10.png,356,272,0.5
5-54-56-11.png,381,272,0.75
5-54-57-12.png,381,272,0.75
5-54-57-13.png,381,272,0.75
5-54-57-14.png,381,272,0.75
5-54-58-15.png,381,272,0.75
5-54-58-16.png,381,272,0.75
5-54-58-17.png,306,272,0
5-54-59-18.png,306,272,0
5-54-59-19.png,306,272,0
5-54-59-20.png,306,272,0
5-55-0-21.png,306,272,0
5-55-0-22.png,306,272,0
5-55-0-23.png,306,272,0
5-55-1-24.png,306,272,0
5-55-1-25.png,306,272,0
5-55-1-26.png,381,272,0.75
5-55-2-27.png,381,272,0.75
5-55-2-28.png,381,272,0.75
5-55-2-29.png,381,272,0.75
5-55-3-30.png,381,272,0.75
5-55-3-31.png,381,272,0.75
5-55-3-32.png,381,272,0.75
5-55-4-33.png,381,272,0.75
5-55-4-34.png,381,272,0.75
5-55-4-35.png,306,272,0
5-55-5-36.png,306,272,0
5-55-5-37.png,306,272,0
5-55-5-38.png,306,272,0
5-55-6-39.png,281,272,-0.25
5-55-6-40.png,281,272,-0.25
5-55-6-41.png,331,272,0.25
5-55-7-42.png,331,272,0.25
5-55-7-43.png,356,272,0.5
5-55-7-44.png,356,272,0.5
5-55-8-45.png,381,272,0.75
5-55-8-46.png,381,272,0.75
5-55-8-47.png,381,272,0.75
5-55-9-48.png,381,272,0.75
5-55-9-49.png,356,272,0.5
5-55-9-50.png,356,272,0.5
5-55-10-51.png,356,272,0.5
5-55-10-52.png,356,272,0.5
5-55-10-53.png,306,272,0
5-55-11-54.png,306,272,0
5-55-11-55.png,281,272,-0.25
5-55-11-56.png,281,272,-0.25
5-55-12-57.png,281,272,-0.25
5-55-12-58.png,306,272,0
5-55-12-59.png,306,272,0
5-55-13-60.png,356,272,0.5
5-55-13-61.png,356,272,0.5
5-55-13-62.png,406,272,1
5-55-14-63.png,406,272,1
5-55-14-64.png,406,272,1
5-55-14-65.png,406,272,1
5-55-15-66.png,406,272,1
5-55-15-67.png,406,272,1
5-55-15-68.png,406,272,1
5-55-16-69.png,406,272,1
5-55-16-70.png,406,272,1
5-55-16-71.png,306,272,0
5-55-17-72.png,306,272,0
5-55-17-73.png,306,272,0
5-55-17-74.png,331,272,0.25
5-55-18-75.png,331,272,0.25
5-55-18-76.png,331,272,0.25
5-55-18-77.png,331,272,0.25
5-55-19-78.png,281,272,-0.25
5-55-19-79.png,281,272,-0.25
5-55-19-80.png,281,272,-0.25
5-55-20-81.png,306,272,0
5-55-20-82.png,306,272,0
5-55-20-83.png,406,272,1
5-55-21-84.png,406,272,1
5-55-21-85.png,406,272,1
5-55-21-86.png,406,272,1
5-55-22-87.png,406,272,1
5-55-22-88.png,381,272,0.75
5-55-22-89.png,381,272,0.75
5-55-23-90.png,331,272,0.25
5-55-23-91.png,331,272,0.25
5-55-23-92.png,331,272,0.25
5-55-24-93.png,331,272,0.25
5-55-24-94.png,331,278,0.25
5-55-24-95.png,331,278,0.25
5-55-25-96.png,331,280,0.25
5-55-25-97.png,331,280,0.25
5-55-25-98.png,331,280,0.25
5-55-26-99.png,331,281,0.25
5-55-26-100.png,331,281,0.25
5-55-26-0.png,331,281,0.25
5-55-27-1.png,331,281,0.25
5-55-27-2.png,331,284,0.25
5-55-27-3.png,331,284,0.25
5-55-28-4.png,331,284,0.25
5-55-28-5.png,331,284,0.25
5-55-28-6.png,331,280,0.25
5-55-29-7.png,331,280,0.25
5-55-29-8.png,331,276,0.25
5-55-29-9.png,331,276,0.25
5-55-30-10.png,331,272,0.25
5-55-30-11.png,331,272,0.25
5-55-30-12.png,281,272,-0.25
5-55-31-13.png,281,272,-0.25
5-55-31-14.png,281,272,-0.25
5-55-31-15.png,306,272,0
5-55-32-16.png,306,272,0
5-55-32-17.png,381,272,0.75
5-55-32-18.png,381,272,0.75
5-55-33-19.png,356,272,0.5
5-55-33-20.png,356,272,0.5
5-55-33-21.png,356,272,0.5
5-55-34-22.png,356,272,0.5
5-55-34-23.png,381,272,0.75
5-55-34-24.png,381,272,0.75
5-55-35-25.png,381,272,0.75
5-55-35-26.png,381,272,0.75
5-55-35-27.png,381,272,0.75
5-55-36-28.png,356,272,0.5
5-55-36-29.png,356,272,0.5
5-55-36-30.png,306,272,0
5-55-37-31.png,306,272,0
5-55-37-32.png,281,272,-0.25
5-55-37-33.png,281,272,-0.25
5-55-38-34.png,281,272,-0.25
5-55-38-35.png,331,272,0.25
5-55-38-36.png,331,272,0.25
5-55-39-37.png,331,272,0.25
5-55-39-38.png,331,272,0.25
5-55-39-39.png,406,272,1
5-55-40-40.png,406,272,1
5-55-40-41.png,406,272,1
5-55-40-42.png,406,272,1
5-55-41-43.png,381,272,0.75
5-55-41-44.png,381,272,0.75
5-55-41-45.png,356,272,0.5
5-55-42-46.png,356,272,0.5
5-55-42-47.png,356,272,0.5
5-55-42-48.png,356,272,0.5
5-55-43-49.png,306,272,0
5-55-43-50.png,306,272,0
5-55-43-51.png,306,272,0
5-55-44-52.png,306,272,0
5-55-44-53.png,306,272,0
5-55-44-54.png,306,272,0
5-55-45-55.png,306,272,0
5-55-45-56.png,381,272,0.75
5-55-45-57.png,381,272,0.75
5-55-46-58.png,381,272,0.75
5-55-46-59.png,406,272,1
5-55-46-60.png,406,272,1
5-55-47-61.png,381,272,0.75
5-55-47-62.png,381,272,0.75
5-55-47-63.png,356,272,0.5
5-55-48-64.png,356,272,0.5
5-55-48-65.png,356,272,0.5
5-55-48-66.png,356,272,0.5
5-55-49-67.png,331,272,0.25
5-55-49-68.png,331,272,0.25
5-55-49-69.png,306,272,0
5-55-50-70.png,306,272,0
5-55-50-71.png,306,272,0
5-55-50-72.png,306,272,0
5-55-51-73.png,306,272,0
5-55-51-74.png,331,272,0.25
5-55-51-75.png,331,272,0.25
5-55-52-76.png,381,272,0.75
5-55-52-77.png,381,272,0.75
5-55-52-78.png,381,272,0.75
5-55-53-79.png,381,272,0.75
5-55-53-80.png,381,272,0.75
5-55-53-81.png,381,272,0.75
5-55-54-82.png,381,272,0.75
5-55-54-83.png,381,272,0.75
5-55-54-84.png,381,272,0.75
5-55-55-85.png,306,272,0
5-55-55-86.png,306,272,0
5-55-55-87.png,306,272,0
5-55-56-88.png,306,272,0
5-55-56-89.png,306,272,0
5-55-56-90.png,306,272,0
5-55-57-91.png,306,272,0
5-55-57-92.png,306,272,0
5-55-57-93.png,306,272,0
5-55-58-94.png,381,272,0.75
5-55-58-95.png,381,272,0.75
5-55-58-96.png,406,272,1
5-55-59-97.png,406,272,1
5-55-59-98.png,356,272,0.5
5-55-59-99.png,356,272,0.5
5-56-0-100.png,356,272,0.5
5-56-0-0.png,356,272,0.5
5-56-0-1.png,356,272,0.5
5-56-1-2.png,356,272,0.5
5-56-1-3.png,356,272,0.5
5-56-1-4.png,356,272,0.5
5-56-2-5.png,356,272,0.5
5-56-2-6.png,356,272,0.5
5-56-2-7.png,381,272,0.75
5-56-3-8.png,381,272,0.75
5-56-3-9.png,381,272,0.75
5-56-3-10.png,381,272,0.75
5-56-4-11.png,381,272,0.75
5-56-4-12.png,381,272,0.75
5-56-4-13.png,306,272,0
5-56-5-14.png,306,272,0
5-56-5-15.png,306,272,0
5-56-5-16.png,406,272,1
5-56-6-17.png,406,272,1
5-56-6-18.png,381,272,0.75
5-56-6-19.png,381,272,0.75
5-56-7-20.png,356,272,0.5
5-56-7-21.png,356,272,0.5
5-56-7-22.png,331,272,0.25
5-56-8-23.png,331,272,0.25
5-56-8-24.png,306,272,0
5-56-8-25.png,306,272,0
5-56-9-26.png,281,272,-0.25
5-56-9-27.png,281,272,-0.25
5-56-9-28.png,331,272,0.25
5-56-10-29.png,331,272,0.25
5-56-10-30.png,381,272,0.75
5-56-10-31.png,381,272,0.75
5-56-11-32.png,381,272,0.75
5-56-11-33.png,381,272,0.75
5-56-11-34.png,356,272,0.5
5-56-12-35.png,356,272,0.5
5-56-12-36.png,356,272,0.5
5-56-12-37.png,356,272,0.5
5-56-13-38.png,356,272,0.5
5-56-13-39.png,381,272,0.75
5-56-13-40.png,381,272,0.75
5-56-14-41.png,306,272,0
5-56-14-42.png,306,272,0
5-56-14-43.png,306,272,0
5-56-15-44.png,331,272,0.25
5-56-15-45.png,331,272,0.25
5-56-15-46.png,281,272,-0.25
5-56-16-47.png,281,272,-0.25
5-56-16-48.png,331,272,0.25
5-56-16-49.png,331,272,0.25
5-56-17-50.png,381,272,0.75
5-56-17-51.png,381,272,0.75
5-56-17-52.png,381,272,0.75
5-56-18-53.png,381,272,0.75
5-56-18-54.png,381,272,0.75
5-56-18-55.png,381,272,0.75
5-56-19-56.png,381,272,0.75
5-56-19-57.png,381,272,0.75
5-56-19-58.png,381,272,0.75
5-56-20-59.png,306,272,0
5-56-20-60.png,306,272,0
5-56-20-61.png,331,272,0.25
5-56-21-62.png,331,272,0.25
5-56-21-63.png,306,272,0
5-56-21-64.png,306,272,0
5-56-22-65.png,306,272,0
5-56-22-66.png,281,272,-0.25
5-56-22-67.png,281,272,-0.25
5-56-23-68.png,356,272,0.5
5-56-23-69.png,356,272,0.5
5-56-23-70.png,381,272,0.75
5-56-24-71.png,381,272,0.75
5-56-24-72.png,356,272,0.5
5-56-24-73.png,356,272,0.5
5-56-25-74.png,356,272,0.5
5-56-25-75.png,356,272,0.5
5-56-25-76.png,381,272,0.75
5-56-26-77.png,381,272,0.75
5-56-26-78.png,381,272,0.75
5-56-26-79.png,381,272,0.75
5-56-27-80.png,381,272,0.75
5-56-27-81.png,306,272,0
5-56-27-82.png,306,272,0
5-56-28-83.png,306,272,0
5-56-28-84.png,306,272,0
5-56-28-85.png,306,272,0
5-56-29-86.png,306,272,0
5-56-29-87.png,306,272,0
5-56-29-88.png,306,272,0
5-56-30-89.png,306,272,0
5-56-30-90.png,381,272,0.75
5-56-30-91.png,381,272,0.75
5-56-31-92.png,406,272,1
5-56-31-93.png,406,272,1
5-56-31-94.png,356,272,0.5
5-56-32-95.png,356,272,0.5
5-56-32-96.png,356,272,0.5
5-56-32-97.png,356,272,0.5
5-56-33-98.png,356,272,0.5
5-56-33-99.png,356,272,0.5
5-56-33-100.png,356,272,0.5
5-56-34-0.png,381,272,0.75
5-56-34-1.png,381,272,0.75
5-56-34-2.png,306,272,0
5-56-35-3.png,306,272,0
5-56-35-4.png,306,272,0
5-56-35-5.png,306,272,0
5-56-36-6.png,306,272,0
5-56-36-7.png,356,272,0.5
5-56-36-8.png,356,272,0.5
5-56-37-9.png,356,272,0.5
5-56-37-10.png,406,272,1
5-56-37-11.png,406,272,1
5-56-38-12.png,356,272,0.5
5-56-38-13.png,356,272,0.5
5-56-38-14.png,356,272,0.5
5-56-39-15.png,356,272,0.5
5-56-39-16.png,406,272,1
5-56-39-17.png,406,272,1
5-56-40-18.png,306,272,0
5-56-40-19.png,306,272,0
5-56-40-20.png,331,272,0.25
5-56-41-21.png,331,272,0.25
5-56-41-22.png,306,272,0
5-56-41-23.png,306,272,0
5-56-42-24.png,281,272,-0.25
5-56-42-25.png,281,272,-0.25
5-56-42-26.png,281,272,-0.25
5-56-43-27.png,356,272,0.5
5-56-43-28.png,356,272,0.5
5-56-43-29.png,381,272,0.75
5-56-44-30.png,381,272,0.75
5-56-44-31.png,356,272,0.5
5-56-44-32.png,356,272,0.5
5-56-45-33.png,381,272,0.75
5-56-45-34.png,381,272,0.75
5-56-45-35.png,381,272,0.75
5-56-46-36.png,381,272,0.75
5-56-46-37.png,381,272,0.75
5-56-46-38.png,381,272,0.75
5-56-47-39.png,306,272,0
5-56-47-40.png,306,272,0
5-56-47-41.png,306,272,0
5-56-48-42.png,306,272,0
5-56-48-43.png,306,272,0
5-56-48-44.png,306,272,0
5-56-49-45.png,306,272,0
5-56-49-46.png,306,272,0
5-56-49-47.png,381,272,0.75
5-56-50-48.png,381,272,0.75
5-56-50-49.png,406,272,1
5-56-50-50.png,406,272,1
5-56-51-51.png,406,272,1
5-56-51-52.png,356,272,0.5
5-56-51-53.png,356,272,0.5
5-56-52-54.png,356,272,0.5
5-56-52-55.png,356,272,0.5
5-56-52-56.png,381,272,0.75
5-56-53-57.png,381,272,0.75
5-56-53-58.png,306,272,0
5-56-53-59.png,306,272,0
5-56-54-60.png,306,272,0
5-56-54-61.png,306,272,0
5-56-54-62.png,306,272,0
5-57-45-54.png,306,274,0
5-57-45-55.png,306,274,0
5-57-46-56.png,306,274,0
5-57-46-57.png,306,274,0
5-57-47-58.png,306,274,0
5-57-49-62.png,306,274,0
5-57-49-63.png,306,274,0
5-57-50-64.png,206,274,-1
5-57-50-65.png,256,274,-0.5
5-57-51-66.png,256,274,-0.5
5-57-51-67.png,256,272,-0.5
5-57-52-68.png,256,272,-0.5
5-57-52-69.png,231,272,-0.75
5-57-53-70.png,206,272,-1
5-57-53-71.png,206,272,-1
5-57-54-72.png,231,272,-0.75
5-57-54-73.png,231,272,-0.75
5-57-55-74.png,306,272,0
5-57-55-75.png,306,272,0
5-58-34-51.png,306,276,0
5-58-34-52.png,306,276,0
5-58-35-53.png,306,276,0
5-58-35-54.png,306,276,0
5-58-36-55.png,306,272,0
5-58-36-56.png,306,272,0
5-58-37-57.png,306,272,0
5-58-37-58.png,306,272,0
5-58-38-59.png,256,272,-0.5
5-58-38-60.png,256,272,-0.5
5-58-39-61.png,256,272,-0.5
5-58-39-62.png,256,272,-0.5
5-58-40-63.png,256,272,-0.5
5-58-40-64.png,256,272,-0.5
5-58-41-65.png,256,272,-0.5
5-58-41-66.png,231,272,-0.75
5-58-42-67.png,231,272,-0.75
5-58-42-68.png,306,272,0
5-58-43-69.png,306,272,0
5-58-43-70.png,206,272,-1
5-58-44-71.png,206,272,-1
5-58-44-72.png,206,272,-1
5-58-45-73.png,231,272,-0.75
5-58-45-74.png,231,272,-0.75
5-58-46-75.png,206,272,-1
5-58-46-76.png,206,272,-1
5-58-47-77.png,256,272,-0.5
5-58-47-78.png,256,272,-0.5
5-58-48-79.png,306,272,0
5-58-48-80.png,306,272,0
5-58-49-81.png,306,272,0
5-58-49-82.png,306,272,0
5-58-50-83.png,306,272,0
5-58-50-84.png,231,272,-0.75
5-58-51-85.png,231,272,-0.75
5-58-51-86.png,231,272,-0.75
5-58-52-87.png,231,272,-0.75
5-58-52-88.png,231,272,-0.75
5-58-53-89.png,231,272,-0.75
5-58-53-90.png,256,272,-0.5
5-58-54-91.png,256,272,-0.5
5-58-54-92.png,256,272,-0.5
5-58-55-93.png,306,272,0
5-58-55-94.png,306,272,0
5-58-56-95.png,281,272,-0.25
5-58-56-96.png,281,272,-0.25
5-58-57-97.png,231,272,-0.75
5-58-57-98.png,231,272,-0.75
5-58-58-99.png,256,272,-0.5
5-58-58-100.png,256,272,-0.5
5-58-59-0.png,231,272,-0.75
5-58-59-1.png,231,272,-0.75
5-59-0-2.png,231,272,-0.75
5-59-0-3.png,231,272,-0.75
5-59-1-4.png,281,272,-0.25
5-59-1-5.png,281,272,-0.25
5-59-2-6.png,306,272,0
5-59-2-7.png,306,272,0
5-59-3-8.png,231,272,-0.75
5-59-3-9.png,231,272,-0.75
5-59-4-10.png,256,272,-0.5
5-59-4-11.png,256,272,-0.5
5-59-5-12.png,231,272,-0.75
5-59-5-13.png,231,272,-0.75
5-59-6-14.png,231,272,-0.75
5-59-6-15.png,231,272,-0.75
5-59-7-16.png,231,272,-0.75
5-59-7-17.png,231,272,-0.75
5-59-8-18.png,306,272,0
5-59-8-19.png,306,272,0
5-59-9-20.png,306,272,0
5-59-9-21.png,231,272,-0.75
5-59-10-22.png,256,272,-0.5
5-59-10-23.png,256,272,-0.5
5-59-11-24.png,231,272,-0.75
5-59-11-25.png,206,272,-1
5-59-12-26.png,206,272,-1
5-59-12-27.png,206,272,-1
5-59-13-28.png,206,272,-1
5-59-13-29.png,231,272,-0.75
5-59-14-30.png,281,272,-0.25
5-59-14-31.png,281,272,-0.25
5-59-15-32.png,306,272,0
5-59-15-33.png,306,272,0
5-59-16-34.png,306,272,0
5-59-16-35.png,306,272,0
5-59-17-36.png,306,272,0
5-59-17-37.png,306,272,0
5-59-18-38.png,256,272,-0.5
5-59-18-39.png,256,272,-0.5
5-59-19-40.png,256,272,-0.5
5-59-19-41.png,256,272,-0.5
5-59-20-42.png,206,272,-1
5-59-20-43.png,206,272,-1
5-59-21-44.png,206,272,-1
5-59-21-45.png,306,272,0
5-59-22-46.png,306,272,0
5-59-22-47.png,306,270,0
5-59-23-48.png,306,270,0
5-59-23-49.png,306,270,0
5-59-24-50.png,231,270,-0.75
5-59-24-51.png,256,270,-0.5
5-59-25-52.png,256,270,-0.5
5-59-25-53.png,231,270,-0.75
5-59-26-54.png,306,270,0
5-59-26-55.png,281,270,-0.25
5-59-27-56.png,281,270,-0.25
5-59-27-57.png,281,270,-0.25
5-59-28-58.png,231,270,-0.75
5-59-28-59.png,231,270,-0.75
5-59-29-60.png,231,270,-0.75
5-59-29-61.png,231,270,-0.75
5-59-30-62.png,231,270,-0.75
5-59-30-63.png,306,270,0
5-59-31-64.png,306,270,0
5-59-31-65.png,306,270,0
5-59-32-66.png,231,270,-0.75
5-59-32-67.png,231,270,-0.75
5-59-33-68.png,206,270,-1
5-59-33-69.png,206,270,-1
5-59-34-70.png,206,270,-1
5-59-34-71.png,281,270,-0.25
5-59-35-72.png,331,270,0.25
5-59-35-73.png,331,270,0.25
5-59-36-74.png,256,270,-0.5
5-59-36-75.png,256,270,-0.5
5-59-37-76.png,256,274,-0.5
5-59-37-77.png,206,278,-1
5-59-38-78.png,206,278,-1
5-59-38-79.png,206,278,-1
5-59-39-80.png,206,278,-1
5-59-39-81.png,206,278,-1
5-59-40-82.png,206,278,-1
5-59-40-83.png,206,278,-1
5-59-41-84.png,206,278,-1
5-59-41-85.png,206,278,-1
5-59-42-86.png,206,270,-1
5-59-42-87.png,206,270,-1
5-59-43-88.png,206,270,-1
5-59-43-89.png,206,270,-1
5-59-44-90.png,206,270,-1
5-59-44-91.png,306,270,0
5-59-45-92.png,331,270,0.25
5-59-45-93.png,331,270,0.25
5-59-46-94.png,281,272,-0.25
5-59-46-95.png,281,272,-0.25
5-59-47-96.png,231,272,-0.75
5-59-47-97.png,256,272,-0.5
5-59-48-98.png,256,272,-0.5
5-59-48-99.png,256,272,-0.5
5-59-49-100.png,256,272,-0.5
5-59-49-0.png,256,272,-0.5
5-59-50-1.png,256,272,-0.5
5-59-50-2.png,231,272,-0.75
5-59-51-3.png,231,272,-0.75
5-59-51-4.png,281,272,-0.25
5-59-52-5.png,306,272,0
5-59-52-6.png,306,272,0
5-59-53-7.png,256,272,-0.5
5-59-53-8.png,206,272,-1
5-59-54-9.png,206,272,-1
5-59-54-10.png,231,272,-0.75
5-59-55-11.png,231,272,-0.75
5-59-55-12.png,231,272,-0.75
5-59-56-13.png,231,272,-0.75
5-59-56-14.png,231,272,-0.75
5-59-57-15.png,306,272,0
5-59-57-16.png,306,272,0
5-59-58-17.png,306,272,0
5-59-58-18.png,281,272,-0.25
5-59-59-19.png,331,272,0.25
5-59-59-20.png,331,272,0.25
6-0-0-21.png,231,272,-0.75
6-0-0-22.png,231,272,-0.75
6-0-1-23.png,231,272,-0.75
6-0-1-24.png,231,272,-0.75
6-0-2-25.png,231,272,-0.75
6-0-2-26.png,231,272,-0.75
6-0-3-27.png,206,272,-1
6-0-3-28.png,206,272,-1
6-0-4-29.png,206,272,-1
6-0-4-30.png,206,272,-1
6-0-5-31.png,231,272,-0.75
6-0-5-32.png,306,272,0
6-0-6-33.png,306,272,0
6-0-6-34.png,281,272,-0.25
6-0-7-35.png,256,272,-0.5
6-0-7-36.png,256,272,-0.5
6-0-8-37.png,256,272,-0.5
6-0-8-38.png,206,272,-1
6-0-9-39.png,206,272,-1
6-0-9-40.png,256,272,-0.5
6-0-10-41.png,206,272,-1
6-0-10-42.png,206,272,-1
6-0-11-43.png,306,272,0
6-0-11-44.png,306,272,0
6-0-12-45.png,281,272,-0.25
6-0-12-46.png,281,272,-0.25
6-0-13-47.png,306,272,0
6-0-13-48.png,306,272,0
6-0-14-49.png,231,272,-0.75
6-0-14-50.png,231,272,-0.75
6-0-15-51.png,206,272,-1
6-0-15-52.png,206,272,-1
6-0-16-53.png,206,272,-1
6-0-16-54.png,206,272,-1
6-0-17-55.png,231,272,-0.75
6-0-17-56.png,281,272,-0.25
6-0-18-57.png,281,272,-0.25
6-0-18-58.png,281,272,-0.25
6-0-19-59.png,281,272,-0.25
6-0-19-60.png,306,272,0
6-0-20-61.png,306,272,0
6-0-20-62.png,306,272,0
6-0-21-63.png,306,272,0
6-0-21-64.png,206,272,-1
6-0-22-65.png,206,272,-1
6-0-22-66.png,206,272,-1
6-0-23-67.png,206,272,-1
6-0-23-68.png,256,272,-0.5
6-0-24-69.png,256,272,-0.5
6-0-24-70.png,256,272,-0.5
6-0-25-71.png,306,272,0
6-0-25-72.png,306,272,0
6-0-26-73.png,306,272,0
6-0-26-74.png,306,272,0
6-0-27-75.png,231,272,-0.75
6-0-27-76.png,231,272,-0.75
6-0-28-77.png,256,272,-0.5
6-0-28-78.png,206,272,-1
6-0-29-79.png,206,272,-1
6-0-29-80.png,206,272,-1
6-0-30-81.png,206,272,-1
6-0-30-82.png,256,272,-0.5
6-0-31-83.png,256,272,-0.5
6-0-31-84.png,281,272,-0.25
6-0-32-85.png,306,272,0
6-0-32-86.png,306,272,0
6-0-33-87.png,306,272,0
6-0-33-88.png,306,272,0
6-0-34-89.png,231,272,-0.75
6-0-34-90.png,231,272,-0.75
6-0-35-91.png,206,272,-1
6-0-35-92.png,231,272,-0.75
6-0-36-93.png,256,272,-0.5
6-0-36-94.png,256,272,-0.5
6-0-37-95.png,206,272,-1
6-0-37-96.png,256,272,-0.5
6-0-38-97.png,256,272,-0.5
6-0-38-98.png,281,272,-0.25
6-0-39-99.png,331,272,0.25
6-0-39-100.png,306,272,0
6-0-40-0.png,306,272,0
6-0-40-1.png,256,272,-0.5
6-0-41-2.png,256,272,-0.5
6-0-41-3.png,256,272,-0.5
6-0-42-4.png,256,272,-0.5
6-0-42-5.png,231,272,-0.75
6-0-43-6.png,231,272,-0.75
6-0-43-7.png,231,272,-0.75
6-0-44-8.png,231,272,-0.75
6-0-44-9.png,231,272,-0.75
6-0-45-10.png,231,272,-0.75
6-0-45-11.png,306,272,0
6-0-46-12.png,306,272,0
6-0-46-13.png,306,272,0
6-0-47-14.png,306,272,0
6-0-47-15.png,256,272,-0.5
6-0-48-16.png,206,272,-1
6-0-48-17.png,206,272,-1
6-0-49-18.png,231,272,-0.75
6-0-49-19.png,256,272,-0.5
6-0-50-20.png,256,272,-0.5
6-0-50-21.png,231,272,-0.75
6-0-51-22.png,231,272,-0.75
6-0-51-23.png,231,272,-0.75
6-0-52-24.png,281,272,-0.25
6-0-52-25.png,281,272,-0.25
6-0-53-26.png,281,272,-0.25
6-0-53-27.png,306,272,0
6-0-54-28.png,306,272,0
6-0-54-29.png,206,272,-1
6-0-55-30.png,206,272,-1
6-0-55-31.png,206,272,-1
6-0-56-32.png,256,272,-0.5
6-0-56-33.png,256,272,-0.5
6-0-57-34.png,206,272,-1
6-0-57-35.png,206,272,-1
6-0-58-36.png,231,272,-0.75
6-0-58-37.png,306,272,0
6-0-59-38.png,306,272,0
6-0-59-39.png,281,272,-0.25
6-1-0-40.png,281,272,-0.25
6-1-0-41.png,331,272,0.25
6-1-1-42.png,331,272,0.25
6-1-1-43.png,231,272,-0.75
6-1-2-44.png,231,272,-0.75
6-1-2-45.png,206,272,-1
6-1-3-46.png,206,272,-1
6-1-3-47.png,256,272,-0.5
6-1-4-48.png,231,272,-0.75
6-1-4-49.png,231,272,-0.75
6-1-5-50.png,231,272,-0.75
6-1-5-51.png,306,272,0
6-1-6-52.png,306,272,0
6-1-6-53.png,306,272,0
6-1-7-54.png,306,272,0
6-1-7-55.png,306,272,0
6-1-8-56.png,231,272,-0.75
6-1-8-57.png,231,272,-0.75
6-1-9-58.png,256,272,-0.5
6-1-9-59.png,256,272,-0.5
6-1-10-60.png,206,272,-1
6-1-10-61.png,206,272,-1
6-1-11-62.png,206,272,-1
6-1-11-63.png,281,272,-0.25
6-1-12-64.png,231,272,-0.75
6-1-12-65.png,231,272,-0.75
6-1-13-66.png,306,272,0
6-1-13-67.png,306,272,0
6-1-14-68.png,281,272,-0.25
6-1-14-69.png,281,272,-0.25
6-1-15-70.png,231,272,-0.75
6-1-15-71.png,231,272,-0.75
6-1-16-72.png,231,272,-0.75
6-1-16-73.png,231,272,-0.75
6-1-17-74.png,231,272,-0.75
6-1-17-75.png,231,272,-0.75
6-1-18-76.png,231,272,-0.75
6-1-18-77.png,306,272,0
6-1-19-78.png,306,272,0
6-1-19-79.png,306,272,0
6-1-20-80.png,306,272,0
6-1-20-81.png,281,272,-0.25
6-1-21-82.png,281,272,-0.25
6-1-21-83.png,281,272,-0.25
6-1-22-84.png,281,272,-0.25
6-1-22-85.png,281,272,-0.25
6-1-23-86.png,231,272,-0.75
6-1-23-87.png,231,272,-0.75
6-1-24-88.png,231,272,-0.75
6-1-24-89.png,231,272,-0.75
6-1-25-90.png,231,272,-0.75
6-1-25-91.png,306,272,0
6-1-26-92.png,281,272,-0.25
6-1-26-93.png,281,272,-0.25
6-1-27-94.png,306,272,0
6-1-27-95.png,256,272,-0.5
6-1-28-96.png,256,272,-0.5
6-1-28-97.png,256,272,-0.5
6-1-29-98.png,206,272,-1
6-1-29-99.png,256,272,-0.5
6-1-30-100.png,256,272,-0.5
6-1-30-0.png,231,272,-0.75
6-1-31-1.png,231,272,-0.75
6-1-31-2.png,306,272,0
6-1-32-3.png,306,272,0
6-1-32-4.png,306,272,0
6-1-33-5.png,281,272,-0.25
6-1-33-6.png,231,272,-0.75
6-1-34-7.png,231,272,-0.75
6-1-34-8.png,231,272,-0.75
6-1-35-9.png,231,272,-0.75
6-1-35-10.png,231,272,-0.75
6-1-36-11.png,256,272,-0.5
6-1-36-12.png,256,272,-0.5
6-1-37-13.png,231,272,-0.75
6-1-37-14.png,231,272,-0.75
6-1-38-15.png,306,272,0
6-1-38-16.png,306,272,0
6-1-39-17.png,306,272,0
6-1-39-18.png,256,272,-0.5
6-1-40-19.png,256,272,-0.5
6-1-40-20.png,256,272,-0.5
6-1-41-21.png,231,272,-0.75
6-1-41-22.png,231,272,-0.75
6-1-42-23.png,231,272,-0.75
6-1-42-24.png,206,272,-1
6-1-43-25.png,206,272,-1
6-1-43-26.png,306,272,0
6-1-44-27.png,306,272,0
6-1-44-28.png,306,272,0
6-1-45-29.png,306,272,0
6-1-45-30.png,281,272,-0.25
6-1-46-31.png,281,272,-0.25
6-1-46-32.png,206,272,-1
6-1-47-33.png,256,272,-0.5
6-1-47-34.png,256,272,-0.5
6-1-48-35.png,231,272,-0.75
6-1-48-36.png,206,272,-1
6-1-49-37.png,231,272,-0.75
6-1-49-38.png,231,272,-0.75
6-1-50-39.png,256,272,-0.5
6-1-50-40.png,306,272,0
6-1-51-41.png,306,272,0
6-1-51-42.png,306,272,0
6-1-52-43.png,281,272,-0.25
6-1-52-44.png,281,272,-0.25
6-1-53-45.png,256,272,-0.5
6-1-53-46.png,231,272,-0.75
6-1-54-47.png,231,272,-0.75
6-1-54-48.png,231,272,-0.75
6-1-55-49.png,206,272,-1
6-1-55-50.png,206,272,-1
6-1-56-51.png,206,272,-1
6-1-56-52.png,306,272,0
6-1-57-53.png,256,272,-0.5
6-1-57-54.png,256,272,-0.5
6-1-58-55.png,306,276,0
6-1-58-56.png,306,284,0
6-1-59-57.png,306,284,0
6-1-59-58.png,306,284,0
6-2-0-59.png,306,284,0
6-2-0-60.png,306,284,0
6-2-1-61.png,306,284,0
6-2-1-62.png,306,284,0
6-2-2-63.png,306,284,0
6-2-2-64.png,306,284,0
6-2-3-65.png,306,284,0
6-2-3-66.png,306,284,0
6-2-4-67.png,306,284,0
6-2-4-68.png,406,284,1
6-2-5-69.png,406,284,1
6-2-5-70.png,406,284,1
6-2-6-71.png,406,284,1
6-2-6-72.png,406,284,1
6-2-7-73.png,406,284,1
6-2-7-74.png,406,284,1
6-2-8-75.png,406,284,1
6-2-8-76.png,406,284,1
6-2-9-77.png,206,284,-1
6-2-9-78.png,206,284,-1
6-2-10-79.png,206,284,-1
6-2-10-80.png,206,284,-1
6-2-11-81.png,206,284,-1
6-2-11-82.png,206,284,-1
6-2-12-83.png,206,284,-1
6-2-12-84.png,206,284,-1
6-2-13-85.png,206,284,-1
6-2-13-86.png,206,284,-1
6-2-14-87.png,206,284,-1
6-2-14-88.png,206,284,-1
6-2-15-89.png,206,284,-1
6-2-15-90.png,206,284,-1
6-2-16-91.png,206,284,-1
6-2-16-92.png,206,284,-1
6-2-17-93.png,306,284,0
6-2-17-94.png,306,284,0
6-2-18-95.png,306,274,0
6-2-18-96.png,306,274,0
6-2-19-97.png,306,274,0
6-2-19-98.png,306,274,0
6-2-20-99.png,306,274,0
6-2-20-100.png,256,274,-0.5
6-2-21-0.png,231,274,-0.75
6-2-21-1.png,231,274,-0.75
6-2-22-2.png,231,272,-0.75
6-2-22-3.png,231,272,-0.75
6-2-23-4.png,231,272,-0.75
6-2-23-5.png,231,272,-0.75
6-2-24-6.png,231,272,-0.75
6-2-24-7.png,231,272,-0.75
6-2-25-8.png,231,272,-0.75
6-2-25-9.png,231,272,-0.75
6-2-26-10.png,306,272,0
6-2-26-11.png,306,272,0
6-2-27-12.png,306,272,0
6-2-27-13.png,306,272,0
6-2-28-14.png,306,272,0
6-2-28-15.png,231,272,-0.75
6-2-29-16.png,206,272,-1
6-2-29-17.png,206,272,-1
6-2-30-18.png,231,272,-0.75
6-2-30-19.png,231,272,-0.75
6-2-31-20.png,256,272,-0.5
6-2-31-21.png,206,272,-1
6-2-32-22.png,206,272,-1
6-2-32-23.png,281,272,-0.25
6-2-33-24.png,306,272,0
6-2-33-25.png,306,272,0
6-2-34-26.png,306,272,0
6-2-34-27.png,256,272,-0.5
6-2-35-28.png,206,272,-1
6-2-35-29.png,206,272,-1
6-2-36-30.png,256,272,-0.5
6-2-36-31.png,231,272,-0.75
6-2-37-32.png,206,272,-1
6-2-37-33.png,206,272,-1
6-2-38-34.png,206,272,-1
6-2-38-35.png,281,272,-0.25
6-2-39-36.png,281,272,-0.25
6-2-39-37.png,281,272,-0.25
6-2-40-38.png,281,272,-0.25
6-2-40-39.png,306,272,0
6-2-41-40.png,306,272,0
6-2-41-41.png,306,272,0
6-2-42-42.png,231,272,-0.75
6-2-42-43.png,231,272,-0.75
6-2-43-44.png,231,272,-0.75
6-2-43-45.png,231,272,-0.75
6-2-44-46.png,256,272,-0.5
6-2-44-47.png,231,272,-0.75
6-2-45-48.png,231,272,-0.75
6-2-45-49.png,306,272,0
6-2-46-50.png,306,272,0
6-2-46-51.png,306,272,0
6-2-47-52.png,281,272,-0.25
6-2-47-53.png,231,272,-0.75
6-2-48-54.png,231,272,-0.75
6-2-48-55.png,231,272,-0.75
6-2-49-56.png,231,272,-0.75
6-2-49-57.png,231,272,-0.75
6-2-50-58.png,231,272,-0.75
6-2-50-59.png,231,272,-0.75
6-2-51-60.png,306,272,0
6-2-51-61.png,306,272,0
6-2-52-62.png,331,272,0.25
6-2-52-63.png,306,272,0
6-2-53-64.png,306,272,0
6-2-53-65.png,256,272,-0.5
6-2-54-66.png,256,272,-0.5
6-2-54-67.png,256,272,-0.5
6-2-55-68.png,231,272,-0.75
6-2-55-69.png,231,272,-0.75
6-2-56-70.png,206,272,-1
6-2-56-71.png,206,272,-1
6-2-57-72.png,206,272,-1
6-2-57-73.png,306,272,0
6-2-58-74.png,281,272,-0.25
6-2-58-75.png,281,272,-0.25
6-2-59-76.png,281,272,-0.25
6-2-59-77.png,306,272,0
6-3-0-78.png,306,272,0
6-3-0-79.png,231,272,-0.75
6-3-1-80.png,231,272,-0.75
6-3-1-81.png,231,272,-0.75
6-3-2-82.png,231,272,-0.75
6-3-2-83.png,231,272,-0.75
6-3-3-84.png,231,272,-0.75
6-3-3-85.png,231,272,-0.75
6-3-4-86.png,231,272,-0.75
6-3-4-87.png,306,272,0
6-3-5-88.png,281,272,-0.25
6-3-5-89.png,281,272,-0.25
6-3-6-90.png,281,272,-0.25
6-3-6-91.png,256,272,-0.5
6-3-7-92.png,256,272,-0.5
6-3-7-93.png,231,272,-0.75
6-3-8-94.png,231,272,-0.75
6-3-8-95.png,231,272,-0.75
6-3-9-96.png,256,272,-0.5
6-3-9-97.png,256,272,-0.5
6-3-10-98.png,256,274,-0.5
6-3-10-99.png,256,274,-0.5
6-3-11-100.png,306,274,0
6-3-11-0.png,331,274,0.25
6-3-12-1.png,331,274,0.25
6-3-12-2.png,331,274,0.25
6-3-13-3.png,256,274,-0.5
6-3-13-4.png,256,274,-0.5
6-3-14-5.png,231,274,-0.75
6-3-14-6.png,231,274,-0.75
6-3-15-7.png,206,278,-1
6-3-15-8.png,206,280,-1
6-3-16-9.png,206,280,-1
6-3-23-24.png,306,280,0
6-3-24-25.png,306,280,0
6-3-24-26.png,306,280,0
6-5-33-40.png,306,272,0
6-5-33-41.png,306,272,0
6-5-34-42.png,306,272,0
6-5-34-43.png,281,272,-0.25
6-5-35-44.png,281,272,-0.25
6-5-35-45.png,331,272,0.25
6-5-36-46.png,381,272,0.75
6-5-36-47.png,381,272,0.75
6-5-37-48.png,356,272,0.5
6-5-37-49.png,406,272,1
6-5-38-50.png,406,272,1
6-5-38-51.png,406,272,1
6-5-39-52.png,306,272,0
6-5-39-53.png,306,272,0
6-5-40-54.png,306,272,0
6-5-40-55.png,306,272,0
6-5-41-56.png,306,272,0
6-5-41-57.png,356,272,0.5
6-5-42-58.png,356,272,0.5
6-5-42-59.png,381,272,0.75
6-5-43-60.png,381,272,0.75
6-5-43-61.png,356,272,0.5
6-5-44-62.png,381,272,0.75
6-5-44-63.png,381,272,0.75
6-5-45-64.png,306,272,0
6-5-45-65.png,331,272,0.25
6-5-46-66.png,331,272,0.25
6-5-46-67.png,281,272,-0.25
6-5-47-68.png,331,272,0.25
6-5-47-69.png,331,272,0.25
6-5-48-70.png,381,272,0.75
6-5-48-71.png,381,272,0.75
6-5-49-72.png,381,272,0.75
6-5-49-73.png,356,272,0.5
6-5-50-74.png,356,272,0.5
6-5-50-75.png,381,272,0.75
6-5-51-76.png,306,272,0
6-5-51-77.png,306,272,0
6-5-52-78.png,306,272,0
6-5-52-79.png,306,272,0
6-5-53-80.png,306,272,0
6-5-53-81.png,356,272,0.5
6-5-54-82.png,356,272,0.5
6-5-54-83.png,381,272,0.75
6-5-55-84.png,381,272,0.75
6-5-55-85.png,381,272,0.75
6-5-56-86.png,381,272,0.75
6-5-56-87.png,381,272,0.75
6-5-57-88.png,306,272,0
6-5-57-89.png,331,272,0.25
6-5-58-90.png,331,272,0.25
6-5-58-91.png,331,272,0.25
6-5-59-92.png,331,272,0.25
6-5-59-93.png,281,272,-0.25
6-6-0-94.png,281,272,-0.25
6-6-0-95.png,281,272,-0.25
6-6-1-96.png,281,272,-0.25
6-6-1-97.png,281,272,-0.25
6-6-2-98.png,281,272,-0.25
6-6-2-99.png,281,272,-0.25
6-6-3-100.png,281,272,-0.25
6-6-3-0.png,281,272,-0.25
6-6-4-1.png,281,272,-0.25
6-6-4-2.png,381,272,0.75
6-6-5-3.png,381,272,0.75
6-6-5-4.png,356,272,0.5
6-6-6-5.png,356,272,0.5
6-6-6-6.png,381,272,0.75
6-6-7-7.png,356,272,0.5
6-6-7-8.png,356,272,0.5
6-6-8-9.png,381,272,0.75
6-6-8-10.png,381,272,0.75
6-6-9-11.png,381,272,0.75
6-6-9-12.png,381,272,0.75
6-6-10-13.png,306,272,0
6-6-10-14.png,306,272,0
6-6-11-15.png,306,272,0
6-6-11-16.png,331,272,0.25
6-6-12-17.png,331,272,0.25
6-6-12-18.png,381,272,0.75
6-6-13-19.png,381,272,0.75
6-6-13-20.png,356,272,0.5
6-6-14-21.png,356,272,0.5
6-6-14-22.png,381,272,0.75
6-6-15-23.png,306,272,0
6-6-15-24.png,306,272,0
6-6-16-25.png,306,272,0
6-6-16-26.png,306,272,0
6-6-17-27.png,306,272,0
6-6-17-28.png,306,272,0
6-6-18-29.png,356,272,0.5
6-6-18-30.png,381,272,0.75
6-6-19-31.png,381,272,0.75
6-6-19-32.png,381,272,0.75
6-6-20-33.png,381,272,0.75
6-6-20-34.png,356,272,0.5
6-6-21-35.png,356,272,0.5
6-6-21-36.png,306,272,0
6-6-22-37.png,306,272,0
6-6-22-38.png,306,272,0
6-6-23-39.png,306,272,0
6-6-23-40.png,306,272,0
6-6-24-41.png,381,272,0.75
6-6-24-42.png,381,272,0.75
6-6-25-43.png,406,272,1
6-6-25-44.png,356,272,0.5
6-6-26-45.png,356,272,0.5
6-6-26-46.png,381,272,0.75
6-6-27-47.png,381,272,0.75
6-6-27-48.png,306,272,0
6-6-28-49.png,306,272,0
6-6-28-50.png,306,272,0
6-6-29-51.png,306,272,0
6-6-29-52.png,381,272,0.75
6-6-30-53.png,381,272,0.75
6-6-30-54.png,381,272,0.75
6-6-31-55.png,356,272,0.5
6-6-31-56.png,356,272,0.5
6-6-32-57.png,381,272,0.75
6-6-32-58.png,381,272,0.75
6-6-33-59.png,306,272,0
6-6-33-60.png,306,272,0
6-6-34-61.png,306,272,0
6-6-34-62.png,306,272,0
6-6-35-63.png,306,272,0
6-6-35-64.png,331,272,0.25
6-6-36-65.png,381,272,0.75
6-6-36-66.png,381,272,0.75
6-6-37-67.png,356,272,0.5
6-6-37-68.png,381,272,0.75
6-6-38-69.png,381,272,0.75
6-6-38-70.png,381,272,0.75
6-6-39-71.png,381,272,0.75
6-6-39-72.png,331,272,0.25
6-6-40-73.png,306,272,0
6-6-40-74.png,306,272,0
6-6-41-75.png,356,272,0.5
6-6-41-76.png,356,272,0.5
6-6-42-77.png,356,272,0.5
6-6-42-78.png,381,272,0.75
6-6-43-79.png,381,272,0.75
6-6-43-80.png,381,272,0.75
6-6-44-81.png,381,272,0.75
6-6-44-82.png,306,272,0
6-6-45-83.png,306,272,0
6-6-45-84.png,306,272,0
6-6-46-85.png,306,272,0
6-6-46-86.png,306,272,0
6-6-47-87.png,331,272,0.25
6-6-47-88.png,381,272,0.75
6-6-48-89.png,381,272,0.75
6-6-48-90.png,356,272,0.5
6-6-49-91.png,381,272,0.75
6-6-49-92.png,381,272,0.75
6-6-50-93.png,381,272,0.75
6-6-50-94.png,306,272,0
6-6-51-95.png,306,272,0
6-6-51-96.png,306,272,0
6-6-52-97.png,281,272,-0.25
6-6-52-98.png,281,272,-0.25
6-6-53-99.png,356,272,0.5
6-6-53-100.png,406,272,1
6-6-54-0.png,406,272,1
6-6-54-1.png,406,272,1
6-6-55-2.png,406,272,1
6-6-55-3.png,331,272,0.25
6-6-56-4.png,381,272,0.75
6-6-56-5.png,381,272,0.75
6-6-57-6.png,306,272,0
6-6-57-7.png,306,272,0
6-6-58-8.png,306,272,0
6-6-58-9.png,281,272,-0.25
6-6-59-10.png,281,272,-0.25
6-6-59-11.png,356,272,0.5
6-7-0-12.png,356,272,0.5
6-7-0-13.png,381,272,0.75
6-7-1-14.png,356,272,0.5
6-7-1-15.png,356,272,0.5
6-7-2-16.png,356,272,0.5
6-7-2-17.png,356,272,0.5
6-7-3-18.png,356,272,0.5
6-7-3-19.png,356,272,0.5
6-7-4-20.png,306,272,0
6-7-4-21.png,306,272,0
6-7-5-22.png,306,272,0
6-7-5-23.png,406,272,1
6-7-6-24.png,406,272,1
6-7-6-25.png,406,272,1
6-7-7-26.png,406,272,1
6-7-7-27.png,406,272,1
6-7-8-28.png,356,272,0.5
6-7-8-29.png,306,272,0
6-7-9-30.png,306,272,0
6-7-9-31.png,306,272,0
6-7-10-32.png,306,272,0
6-7-10-33.png,306,272,0
6-7-11-34.png,331,272,0.25
6-7-11-35.png,331,272,0.25
6-7-12-36.png,406,272,1
6-7-12-37.png,406,272,1
6-7-25-62.png,306,288,0
6-7-25-63.png,306,288,0
6-7-26-64.png,306,280,0
6-7-26-65.png,306,280,0
6-7-27-66.png,306,274,0
6-7-27-67.png,306,270,0
6-7-28-68.png,306,270,0
6-7-28-69.png,256,270,-0.5
6-7-29-70.png,256,270,-0.5
6-7-29-71.png,231,272,-0.75
6-7-30-72.png,231,274,-0.75
6-7-30-73.png,231,274,-0.75
6-7-31-74.png,231,274,-0.75
6-7-31-75.png,231,272,-0.75
6-7-32-76.png,231,272,-0.75
6-7-32-77.png,306,272,0
6-7-33-78.png,306,272,0
6-7-33-79.png,306,272,0
6-7-34-80.png,306,272,0
6-7-34-81.png,306,272,0
6-7-35-82.png,256,272,-0.5
6-7-35-83.png,256,272,-0.5
6-7-36-84.png,231,272,-0.75
6-7-36-85.png,256,272,-0.5
6-7-37-86.png,256,272,-0.5
6-7-37-87.png,231,272,-0.75
6-7-38-88.png,306,272,0
6-7-38-89.png,306,272,0
6-7-39-90.png,281,272,-0.25
6-7-39-91.png,281,272,-0.25
6-7-40-92.png,306,272,0
6-7-40-93.png,256,272,-0.5
6-7-41-94.png,256,272,-0.5
6-7-41-95.png,206,272,-1
6-7-42-96.png,206,272,-1
6-7-42-97.png,256,272,-0.5
6-7-43-98.png,206,272,-1
6-7-43-99.png,206,272,-1
6-7-44-100.png,206,272,-1
6-7-44-0.png,306,272,0
6-7-45-1.png,306,272,0
6-7-45-2.png,306,272,0
6-7-46-3.png,281,272,-0.25
6-7-46-4.png,281,272,-0.25
6-7-47-5.png,306,272,0
6-7-47-6.png,306,272,0
6-7-48-7.png,231,272,-0.75
6-7-48-8.png,231,272,-0.75
6-7-49-9.png,231,272,-0.75
6-7-49-10.png,231,272,-0.75
6-7-50-11.png,231,272,-0.75
6-7-50-12.png,231,272,-0.75
6-7-51-13.png,231,272,-0.75
6-7-51-14.png,331,272,0.25
6-7-52-15.png,331,272,0.25
6-7-52-16.png,281,272,-0.25
6-7-53-17.png,281,272,-0.25
6-7-53-18.png,281,272,-0.25
6-7-54-19.png,206,272,-1
6-7-54-20.png,206,272,-1
6-7-55-21.png,231,272,-0.75
6-7-55-22.png,231,272,-0.75
6-7-56-23.png,231,272,-0.75
6-7-56-24.png,231,272,-0.75
6-7-57-25.png,306,272,0
6-7-57-26.png,306,272,0
6-7-58-27.png,256,272,-0.5
6-7-58-28.png,306,272,0
6-7-59-29.png,306,272,0
6-7-59-30.png,306,272,0
6-8-0-31.png,231,272,-0.75
6-8-0-32.png,231,272,-0.75
6-8-1-33.png,231,272,-0.75
6-8-1-34.png,231,272,-0.75
6-8-2-35.png,231,272,-0.75
6-8-2-36.png,231,272,-0.75
6-8-3-37.png,231,272,-0.75
6-8-3-38.png,231,272,-0.75
6-8-4-39.png,206,272,-1
6-8-4-40.png,206,272,-1
6-8-5-41.png,231,272,-0.75
6-8-5-42.png,231,272,-0.75
6-8-6-43.png,306,272,0
6-8-6-44.png,331,272,0.25
6-8-7-45.png,331,272,0.25
6-8-7-46.png,281,272,-0.25
6-8-8-47.png,281,272,-0.25
6-8-8-48.png,231,272,-0.75
6-8-9-49.png,231,272,-0.75
6-8-9-50.png,231,272,-0.75
6-8-10-51.png,231,272,-0.75
6-8-10-52.png,231,272,-0.75
6-8-11-53.png,231,272,-0.75
6-8-11-54.png,231,272,-0.75
6-8-12-55.png,231,272,-0.75
6-8-12-56.png,306,272,0
6-8-13-57.png,281,272,-0.25
6-8-13-58.png,281,272,-0.25
6-8-14-59.png,281,272,-0.25
6-8-14-60.png,256,272,-0.5
6-8-15-61.png,256,272,-0.5
6-8-15-62.png,206,272,-1
6-8-16-63.png,206,272,-1
6-8-16-64.png,231,272,-0.75
6-8-17-65.png,256,272,-0.5
6-8-17-66.png,256,272,-0.5
6-8-18-67.png,231,272,-0.75
6-8-18-68.png,306,272,0
6-8-19-69.png,306,272,0
6-8-19-70.png,306,272,0
6-8-20-71.png,281,272,-0.25
6-8-20-72.png,256,272,-0.5
6-8-21-73.png,256,272,-0.5
6-8-21-74.png,231,272,-0.75
6-8-22-75.png,231,272,-0.75
6-8-22-76.png,231,272,-0.75
6-8-23-77.png,231,272,-0.75
6-8-23-78.png,231,272,-0.75
6-8-24-79.png,231,272,-0.75
6-8-24-80.png,306,272,0
6-8-25-81.png,306,272,0
6-8-25-82.png,306,272,0
6-8-26-83.png,306,272,0
6-8-26-84.png,306,272,0
6-8-27-85.png,256,272,-0.5
6-8-27-86.png,231,272,-0.75
6-8-28-87.png,231,272,-0.75
6-8-28-88.png,231,272,-0.75
6-8-29-89.png,231,272,-0.75
6-8-29-90.png,231,272,-0.75
6-8-30-91.png,231,272,-0.75
6-8-30-92.png,231,272,-0.75
6-8-31-93.png,306,272,0
6-8-31-94.png,306,272,0
6-8-32-95.png,306,272,0
6-8-32-96.png,306,272,0
6-8-33-97.png,256,272,-0.5
6-8-33-98.png,206,272,-1
6-8-34-99.png,231,272,-0.75
6-8-34-100.png,231,272,-0.75
6-8-35-0.png,231,272,-0.75
6-8-35-1.png,256,272,-0.5
6-8-36-2.png,256,272,-0.5
6-8-36-3.png,231,272,-0.75
6-8-37-4.png,231,272,-0.75
6-8-37-5.png,306,272,0
6-8-38-6.png,306,272,0
6-8-38-7.png,306,272,0
6-8-39-8.png,306,272,0
6-8-39-9.png,281,272,-0.25
6-8-40-10.png,256,272,-0.5
6-8-40-11.png,256,272,-0.5
6-8-41-12.png,231,272,-0.75
6-8-41-13.png,231,272,-0.75
6-8-42-14.png,231,272,-0.75
6-8-42-15.png,256,272,-0.5
6-8-43-16.png,256,272,-0.5
6-8-43-17.png,306,272,0
6-8-44-18.png,281,272,-0.25
6-8-44-19.png,281,272,-0.25
6-8-45-20.png,306,272,0
6-8-45-21.png,256,272,-0.5
6-8-46-22.png,256,272,-0.5
6-8-46-23.png,231,272,-0.75
6-8-47-24.png,231,272,-0.75
6-8-47-25.png,231,272,-0.75
6-8-48-26.png,231,272,-0.75
6-8-48-27.png,231,272,-0.75
6-8-49-28.png,231,272,-0.75
6-8-49-29.png,306,272,0
6-8-50-30.png,306,272,0
6-8-50-31.png,306,272,0
6-8-51-32.png,306,272,0
6-8-51-33.png,256,272,-0.5
6-8-52-34.png,206,272,-1
6-8-52-35.png,206,272,-1
6-8-53-36.png,231,272,-0.75
6-8-53-37.png,256,272,-0.5
6-8-54-38.png,256,272,-0.5
6-8-54-39.png,231,272,-0.75
6-8-55-40.png,231,272,-0.75
6-8-55-41.png,231,272,-0.75
6-8-56-42.png,306,272,0
6-8-56-43.png,306,272,0
6-8-57-44.png,281,272,-0.25
6-8-57-45.png,281,272,-0.25
6-8-58-46.png,231,272,-0.75
6-8-58-47.png,206,272,-1
6-8-59-48.png,206,272,-1
6-8-59-49.png,231,272,-0.75
6-9-0-50.png,231,272,-0.75
6-9-0-51.png,231,272,-0.75
6-9-1-52.png,231,272,-0.75
6-9-1-53.png,256,272,-0.5
6-9-2-54.png,306,272,0
6-9-2-55.png,306,272,0
6-9-3-56.png,306,272,0
6-9-3-57.png,281,272,-0.25
6-9-4-58.png,281,272,-0.25
6-9-4-59.png,231,272,-0.75
6-9-5-60.png,231,272,-0.75
6-9-5-61.png,231,272,-0.75
6-9-6-62.png,206,272,-1
6-9-6-63.png,206,272,-1
6-9-7-64.png,206,272,-1
6-9-7-65.png,256,272,-0.5
6-9-8-66.png,281,272,-0.25
6-9-8-67.png,281,272,-0.25
6-9-9-68.png,281,272,-0.25
6-9-9-69.png,306,272,0
6-9-10-70.png,306,272,0
6-9-10-71.png,306,272,0
6-9-11-72.png,231,272,-0.75
6-9-11-73.png,231,272,-0.75
6-9-12-74.png,231,272,-0.75
6-9-12-75.png,206,272,-1
6-9-13-76.png,206,272,-1
6-9-13-77.png,256,272,-0.5
6-9-14-78.png,256,272,-0.5
6-9-14-79.png,256,272,-0.5
6-9-15-80.png,306,272,0
6-9-15-81.png,306,272,0
6-9-16-82.png,306,272,0
6-9-16-83.png,306,272,0
6-9-17-84.png,306,272,0
6-9-17-85.png,231,272,-0.75
6-9-18-86.png,231,272,-0.75
6-9-18-87.png,231,272,-0.75
6-9-19-88.png,256,272,-0.5
6-9-19-89.png,256,272,-0.5
6-9-20-90.png,206,272,-1
6-9-20-91.png,306,272,0
6-9-21-92.png,306,272,0
6-9-21-93.png,306,272,0